{
  "name": "Disengage",
  "type": "consumable",
  "img": "modules/enhancedcombathud/icons/journey.svg",
  "data": {
    "description": {
      "value": "<p>If you take the Disengage action, your movement doesn't provoke opportunity attacks for the rest of the turn.</p>",
      "chat": "",
      "unidentified": ""
    },
    "source": "",
    "quantity": 1,
    "weight": 0,
    "price": 0,
    "attuned": false,
    "attunement": 0,
    "equipped": false,
    "rarity": "",
    "identified": true,
    "activation": {
      "type": "action",
      "cost": 1,
      "condition": ""
    },
    "duration": {
      "value": 1,
      "units": "turn"
    },
    "target": {
      "value": null,
      "width": null,
      "units": "",
      "type": "self"
    },
    "range": {
      "value": null,
      "long": null,
      "units": ""
    },
    "uses": {
      "value": 1,
      "max": "1",
      "per": "charges",
      "autoDestroy": true
    },
    "consume": {
      "type": "",
      "target": "",
      "amount": null
    },
    "ability": "",
    "actionType": "util",
    "attackBonus": 0,
    "chatFlavor": "",
    "critical": null,
    "damage": {
      "parts": [],
      "versatile": ""
    },
    "formula": "",
    "save": {
      "ability": "",
      "dc": null,
      "scaling": "spell"
    },
    "consumableType": "trinket"
  },
  "effects": [
    {
      "_id": "8FtZnIC1vbyKZ6xF",
      "changes": [],
      "disabled": false,
      "duration": {
        "startTime": null,
        "turns": 1
      },
      "icon": "modules/enhancedcombathud/icons/journey.svg",
      "label": "Disengage",
      "origin": "Item.wyQkeuZkttllAFB1",
      "transfer": false,
      "flags": {
        "dae": {
          "stackable": "none",
          "macroRepeat": "none",
          "specialDuration": [],
          "transfer": false
        }
      },
      "tint": ""
    }
  ],
  "sort": 0,
  "flags": {
    "core": {
      "sourceId": "Item.wyQkeuZkttllAFB1"
    },
    "enhancedcombathud": {
      "set1p": false,
      "set2p": false,
      "set3p": false
    },
    "midi-qol": {
      "onUseMacroName": ""
    },
    "exportSource": {
      "world": "test2",
      "system": "dnd5e",
      "coreVersion": "0.8.8",
      "systemVersion": "1.3.6"
    }
  }
}