{
  "name": "Shove/Grapple",
  "type": "consumable",
  "img": "modules/enhancedcombathud/icons/shield-bash.svg",
  "data": {
    "description": {
      "value": "<p data-content-chunk-id=\"5242445d-e04b-437b-b1c4-4fef6622c350\">When you want to grab a creature or wrestle with it, you can use the Attack action to make a special melee attack, a grapple. If you're able to make multiple attacks with the Attack action, this attack replaces one of them.</p>\n<p data-content-chunk-id=\"55b5838a-271d-4cb3-b971-9769a49a921c\">The target of your grapple must be no more than one size larger than you and must be within your reach. Using at least one free hand, you try to seize the target by making a grapple check instead of an attack roll: a Strength (Athletics) check contested by the target's Strength (Athletics) or Dexterity (Acrobatics) check (the target chooses the ability to use). You succeed automatically if the target is&nbsp;incapacitated. If you succeed, you subject the target to the&nbsp;grappled&nbsp;condition. The condition specifies the things that end it, and you can release the target whenever you like (no action required).</p>\n<p data-content-chunk-id=\"a5d87cfc-afcc-4ae2-99c4-b4ed2af6a439\">Escaping a Grapple.&nbsp;A&nbsp;grappled&nbsp;creature can use its action to escape. To do so, it must succeed on a Strength (Athletics) or Dexterity (Acrobatics) check contested by your Strength (Athletics) check.</p>\n<p data-content-chunk-id=\"ea1b3c54-b95f-45cb-8c5c-1ed310d82ce2\">Moving a Grappled Creature.&nbsp;When you move, you can drag or carry the&nbsp;grappled&nbsp;creature with you, but your speed is halved, unless the creature is two or more sizes smaller than you.</p>\n<h4 id=\"ShovingaCreature\" data-content-chunk-id=\"5b230975-10b4-4cd0-bd03-2770875c21e5\">Shoving a Creature</h4>\n<p data-content-chunk-id=\"f4e214a2-2779-43c0-b318-23f5e5c47a9f\">Using the Attack action, you can make a special melee attack to shove a creature, either to knock it&nbsp;prone&nbsp;or push it away from you. If you're able to make multiple attacks with the Attack action, this attack replaces one of them.</p>\n<p data-content-chunk-id=\"d6bd6c9e-bda0-4b45-a5be-f9425e23783c\">The target must be no more than one size larger than you and must be within your reach. Instead of making an attack roll, you make a Strength (Athletics) check contested by the target's Strength (Athletics) or Dexterity (Acrobatics) check (the target chooses the ability to use). You succeed automatically if the target is&nbsp;incapacitated. If you succeed, you either knock the target&nbsp;prone&nbsp;or push it 5 feet away from you.</p>",
      "chat": "",
      "unidentified": ""
    },
    "source": "",
    "quantity": 1,
    "weight": 0,
    "price": 0,
    "attuned": false,
    "attunement": 0,
    "equipped": false,
    "rarity": "",
    "identified": true,
    "activation": {
      "type": "action",
      "cost": 1,
      "condition": ""
    },
    "duration": {
      "value": null,
      "units": ""
    },
    "target": {
      "value": 1,
      "width": null,
      "units": "",
      "type": "creature"
    },
    "range": {
      "value": null,
      "long": null,
      "units": "touch"
    },
    "uses": {
      "value": 1,
      "max": "1",
      "per": "charges",
      "autoDestroy": true
    },
    "consume": {
      "type": "",
      "target": "",
      "amount": null
    },
    "ability": "",
    "actionType": "util",
    "attackBonus": 0,
    "chatFlavor": "",
    "critical": null,
    "damage": {
      "parts": [],
      "versatile": ""
    },
    "formula": "",
    "save": {
      "ability": "",
      "dc": null,
      "scaling": "spell"
    },
    "consumableType": "trinket"
  },
  "effects": [],
  "sort": 0,
  "flags": {
    "enhancedcombathud": {
      "set1p": false,
      "set2p": false,
      "set3p": false
    },
    "midi-qol": {
      "onUseMacroName": ""
    },
    "exportSource": {
      "world": "test2",
      "system": "dnd5e",
      "coreVersion": "0.8.8",
      "systemVersion": "1.3.6"
    }
  }
}