{
  "name": "Hide",
  "type": "consumable",
  "img": "modules/enhancedcombathud/icons/cloak-dagger.svg",
  "data": {
    "description": {
      "value": "<p>When you take the Hide action, you make a Dexterity (Stealth) check in an attempt to hide, following the rules for hiding. If you succeed, you gain certain benefits.</p>\n<p data-content-chunk-id=\"d49da437-9800-4cdb-be60-5c1cc12e45f2\">Combatants often try to escape their foes' notice by hiding, casting the&nbsp;invisibility&nbsp;spell, or lurking in darkness.</p>\n<p data-content-chunk-id=\"c7a62036-4c31-4a7f-bd29-db5f4a873f8c\">When you attack a target that you can't see, you have disadvantage on the attack roll. This is true whether you're guessing the target's location or you're targeting a creature you can hear but not see. If the target isn't in the location you targeted, you automatically miss, but the DM typically just says that the attack missed, not whether you guessed the target's location correctly.</p>\n<p data-content-chunk-id=\"760a7b7d-7681-4f2c-a356-05594eca1bbd\">When a creature can't see you, you have advantage on attack rolls against it. If you are hidden--both unseen and unheard--when you make an attack, you give away your location when the attack hits or misses.</p>\n<p>&nbsp;</p>",
      "chat": "",
      "unidentified": ""
    },
    "source": "",
    "quantity": 1,
    "weight": 0,
    "price": 0,
    "attuned": false,
    "attunement": 0,
    "equipped": false,
    "rarity": "",
    "identified": true,
    "activation": {
      "type": "action",
      "cost": 1,
      "condition": ""
    },
    "duration": {
      "value": null,
      "units": ""
    },
    "target": {
      "value": null,
      "width": null,
      "units": "",
      "type": "self"
    },
    "range": {
      "value": null,
      "long": null,
      "units": ""
    },
    "uses": {
      "value": 1,
      "max": "1",
      "per": "charges",
      "autoDestroy": true
    },
    "consume": {
      "type": "",
      "target": "",
      "amount": null
    },
    "ability": "",
    "actionType": "util",
    "attackBonus": 0,
    "chatFlavor": "",
    "critical": null,
    "damage": {
      "parts": [],
      "versatile": ""
    },
    "formula": "",
    "save": {
      "ability": "",
      "dc": null,
      "scaling": "spell"
    },
    "consumableType": "trinket"
  },
  "effects": [
    {
      "_id": "SZkbtgGCICrpH0GJ",
      "changes": [],
      "disabled": false,
      "duration": {
        "startTime": null,
        "turns": 10
      },
      "icon": "modules/enhancedcombathud/icons/cloak-dagger.svg",
      "label": "Hide",
      "transfer": false,
      "flags": {
        "dae": {
          "stackable": "none",
          "macroRepeat": "none",
          "specialDuration": [],
          "transfer": false
        }
      },
      "tint": ""
    }
  ],
  "sort": 0,
  "flags": {
    "enhancedcombathud": {
      "set1p": false,
      "set2p": false,
      "set3p": false,
      "set1s": false,
      "set2s": false,
      "set3s": false
    },
    "midi-qol": {
      "onUseMacroName": ""
    },
    "exportSource": {
      "world": "test2",
      "system": "dnd5e",
      "coreVersion": "0.8.8",
      "systemVersion": "1.3.6"
    }
  }
}