{
  "name": "Dash",
  "type": "consumable",
  "img": "modules/enhancedcombathud/icons/walking-boot.svg",
  "data": {
    "description": {
      "value": "<p data-content-chunk-id=\"32f25854-3ca6-4afe-8790-0a87b06879b1\">When you take the Dash action, you gain extra movement for the current turn. The increase equals your speed, after applying any modifiers. With a speed of 30 feet, for example, you can move up to 60 feet on your turn if you dash.</p>\n<p data-content-chunk-id=\"8587443b-c938-455a-9861-09e5af6a9629\">Any increase or decrease to your speed changes this additional movement by the same amount. If your speed of 30 feet is reduced to 15 feet, for instance, you can move up to 30 feet this turn if you dash.</p>",
      "chat": "",
      "unidentified": ""
    },
    "source": "",
    "quantity": 1,
    "weight": 0,
    "price": 0,
    "attuned": false,
    "attunement": 0,
    "equipped": false,
    "rarity": "",
    "identified": true,
    "activation": {
      "type": "action",
      "cost": 1,
      "condition": ""
    },
    "duration": {
      "value": null,
      "units": ""
    },
    "target": {
      "value": null,
      "width": null,
      "units": "",
      "type": "self"
    },
    "range": {
      "value": null,
      "long": null,
      "units": ""
    },
    "consume": {
      "type": "",
      "target": "",
      "amount": null
    },
    "ability": "",
    "actionType": "util",
    "attackBonus": 0,
    "chatFlavor": "",
    "critical": null,
    "damage": {
      "parts": [],
      "versatile": ""
    },
    "formula": "",
    "save": {
      "ability": "",
      "dc": null,
      "scaling": "spell"
    },
    "consumableType": "trinket"
  },
  "effects": [
    {
      "_id": "PPMPZY1t3AUB7UGA",
      "changes": [],
      "disabled": false,
      "duration": {
        "startTime": null,
        "rounds": 1
      },
      "icon": "modules/enhancedcombathud/icons/walking-boot.svg",
      "label": "Dash",
      "transfer": false,
      "flags": {
        "dae": {
          "stackable": "none",
          "macroRepeat": "none",
          "specialDuration": [],
          "transfer": false
        }
      },
      "tint": ""
    }
  ],
  "sort": 0,
  "flags": {
    "enhancedcombathud": {
      "set1p": false,
      "set2p": false,
      "set3p": false
    },
    "midi-qol": {
      "onUseMacroName": ""
    },
    "exportSource": {
      "world": "test2",
      "system": "dnd5e",
      "coreVersion": "0.8.8",
      "systemVersion": "1.3.6"
    }
  }
}