{
  "name": "Dodge",
  "type": "consumable",
  "img": "modules/enhancedcombathud/icons/armor-upgrade.svg",
  "data": {
    "description": {
      "value": "<p>When you take the Dodge action, you focus entirely on avoiding attacks. Until the start of your next turn, any attack roll made against you has disadvantage if you can see the attacker, and you make Dexterity saving throws with advantage. You lose this benefit if you are&nbsp;incapacitated&nbsp;or if your speed drops to 0.</p>",
      "chat": "",
      "unidentified": ""
    },
    "source": "",
    "quantity": 1,
    "weight": 0,
    "price": 0,
    "attuned": false,
    "attunement": 0,
    "equipped": false,
    "rarity": "",
    "identified": true,
    "activation": {
      "type": "action",
      "cost": 1,
      "condition": ""
    },
    "duration": {
      "value": 1,
      "units": "round"
    },
    "target": {
      "value": null,
      "width": null,
      "units": "",
      "type": "self"
    },
    "range": {
      "value": null,
      "long": null,
      "units": ""
    },
    "uses": {
      "value": 1,
      "max": "1",
      "per": "charges",
      "autoDestroy": true
    },
    "consume": {
      "type": "",
      "target": "",
      "amount": null
    },
    "ability": "",
    "actionType": "util",
    "attackBonus": 0,
    "chatFlavor": "",
    "critical": null,
    "damage": {
      "parts": [],
      "versatile": ""
    },
    "formula": "",
    "save": {
      "ability": "",
      "dc": null,
      "scaling": "spell"
    },
    "consumableType": "trinket"
  },
  "effects": [
    {
      "_id": "2xH2YQ6pm430O0Aq",
      "changes": [],
      "disabled": false,
      "duration": {
        "startTime": null,
        "turns": 1
      },
      "icon": "modules/enhancedcombathud/icons/armor-upgrade.svg",
      "label": "Dodge",
      "origin": "Item.pakEYcgLYxtKGv7J",
      "transfer": false,
      "flags": {
        "dae": {
          "stackable": "none",
          "macroRepeat": "none",
          "specialDuration": [],
          "transfer": false
        }
      },
      "tint": ""
    }
  ],
  "sort": 0,
  "flags": {
    "enhancedcombathud": {
      "set1p": false,
      "set2p": false,
      "set3p": false
    },
    "midi-qol": {
      "onUseMacroName": ""
    },
    "exportSource": {
      "world": "test2",
      "system": "dnd5e",
      "coreVersion": "0.8.8",
      "systemVersion": "1.3.6"
    }
  }
}