{
  "title": "Argon - Combat HUD (CORE)",
  "id": "enhancedcombathud",
  "description": "Solasta inspired Combat HUD. From D&D 5e to other systems, it offers a dynamic HUD for seasoned players and simplifies gameplay for newcomers. Requires the system specific module to be installed.",
  "version": "0.1",
  "authors": [
    {
      "name": "theripper93",
      "email": "tsplab@gmail.com",
      "url": "https://www.patreon.com/theripper93"
    },
    {
      "name": "Mouse0270",
      "url": "https://www.patreon.com/mouse0270",
      "discord": "mouse0270#0270"
    }
  ],
  "languages": [
    {
      "lang": "de",
      "name": "Deutsch",
      "path": "languages/de.json"
    },
    {
      "lang": "en",
      "name": "English",
      "path": "languages/en.json"
    },
    {
      "lang": "es",
      "name": "Español",
      "path": "languages/es.json"
    },
    {
      "lang": "fr",
      "name": "Français",
      "path": "languages/fr.json"
    },
    {
      "lang": "it",
      "name": "Italiano",
      "path": "languages/it.json"
    },
    {
      "lang": "ja",
      "name": "日本語",
      "path": "languages/ja.json"
    },
    {
      "lang": "pt-BR",
      "name": "Português (Brasil)",
      "path": "languages/pt-br.json"
    },
    {
      "lang": "ru",
      "name": "Русский",
      "path": "languages/ru.json"
    },
    {
      "lang": "ko",
      "name": "한국어",
      "path": "languages/ko.json"
    },
    {
      "lang": "cn",
      "name": "中文",
      "path": "languages/cn.json"
    },
    {
      "lang": "pl",
      "name": "Polski",
      "path": "languages/pl.json"
    }
  ],
  "scripts": [],
  "esmodules": [
    "scripts/main.js"
  ],
  "styles": [
    "styles/module.css"
  ],
  "packs": [],
  "url": "https://github.com/JustAnotherIdea/enhancedcombathud-always-on-world-setting",
  "manifest": "https://raw.githubusercontent.com/JustAnotherIdea/enhancedcombathud-always-on-world-setting/master/module.json",
  "download": "https://github.com/JustAnotherIdea/enhancedcombathud-always-on-world-setting/raw/master/module.zip",
  "persistentStorage": true,
  "library": true,
  "relationships": {
    "requires": [
      {
        "id": "colorsettings",
        "type": "module",
        "compatibility": {}
      }
    ],
    "recommends": [
      {
        "id": "enhancedcombathud-dnd5e",
        "type": "module",
        "compatibility": {}
      }
    ],
    "systems": []
  },
  "compatibility": {
    "minimum": "11",
    "verified": "11"
  }
}